{
    "Autofill Profile": [
        {
            "address_home_state_status": "OBSERVED",
            "address_home_country_status": "OBSERVED",
            "address_home_country": "RU",
            "address_home_apt_num": "",
            "name_first_status": ["PARSED"],
            "address_home_thoroughfare_number": "",
            "address_home_zip_status": "OBSERVED",
            "name_middle_status": ["VERIFICATION_STATUS_UNSPECIFIED"],
            "address_home_zip": "198320",
            "address_home_street_address": "Санкт-Петербург,Красное село\nСтрельнинское шоссе д. 6 к. 2 кв. 59",
            "name_last_first": [""],
            "address_home_language_code": "ru",
            "address_home_city_status": "OBSERVED",
            "address_home_floor": "",
            "name_last_conjunction": [""],
            "name_last_first_status": ["VERIFICATION_STATUS_UNSPECIFIED"],
            "name_middle": [""],
            "company_name": "",
            "name_last_status": ["FORMATTED"],
            "guid": "af697626-8c93-43a5-909c-434fd81ba850",
            "address_home_dependent_locality_status": "VERIFICATION_STATUS_UNSPECIFIED",
            "address_home_apt_num_status": "VERIFICATION_STATUS_UNSPECIFIED",
            "address_home_city": "Санкт-Петербург",
            "name_full": ["Светлана"],
            "name_full_status": ["OBSERVED"],
            "name_last_second_status": ["VERIFICATION_STATUS_UNSPECIFIED"],
            "address_home_subpremise_name_status": "FORMATTED",
            "address_home_street_location_status": "FORMATTED",
            "name_last": [""],
            "use_count": 41,
            "address_home_thoroughfare_name": "",
            "address_home_thoroughfare_number_status": "PARSED",
            "name_last_second": [""],
            "address_home_line1": "Санкт-Петербург,Красное село",
            "address_home_line2": "Стрельнинское шоссе д. 6 к. 2 кв. 59",
            "address_home_street_address_status": "OBSERVED",
            "name_first": ["Светлана"],
            "address_home_sorting_code": "",
            "name_last_conjunction_status": ["VERIFICATION_STATUS_UNSPECIFIED"],
            "address_home_state": "Санкт-Петербург",
            "address_home_dependent_locality": "",
            "address_home_street_location": "",
            "address_home_sorting_code_status": "VERIFICATION_STATUS_UNSPECIFIED",
            "address_home_subpremise_name": "",
            "email_address": [""],
            "deprecated_origin": "Chrome settings",
            "address_home_thoroughfare_name_status": "VERIFICATION_STATUS_UNSPECIFIED",
            "address_home_floor_status": "VERIFICATION_STATUS_UNSPECIFIED",
            "phone_home_whole_number": ["+7 981 890-37-54"],
            "use_date": 1704023579
}
    ],
    "Contact Info": [],
    "Autofill": [
        {
            "usage_timestamp": [
                        13337597947000000,
                        13360217931000000
            ],
            "name": "login",
            "value": "9692100573"
},
        {
            "usage_timestamp": [13346505333000000],
            "name": "code1",
            "value": "5"
},
        {
            "usage_timestamp": [
                        13248658603000000,
                        13334605327000000
            ],
            "name": "userName",
            "value": "9692100573"
},
        {
            "usage_timestamp": [13348497181000000],
            "name": "username",
            "value": "79818903754"
},
        {
            "usage_timestamp": [13346504981000000],
            "name": "Телефон  /  Email  /  СНИЛС",
            "value": "13704741447"
},
        {
            "usage_timestamp": [13346505333000000],
            "name": "code0",
            "value": "4"
},
        {
            "usage_timestamp": [13346505333000000],
            "name": "code2",
            "value": "1"
},
        {
            "usage_timestamp": [13346505333000000],
            "name": "code3",
            "value": "0"
}
    ]
}