{
    "Device Info": [
        {
            "sync_user_agent": "Chrome ANDROID-PHONE 125.0.6422.113 (fddfb547f6d37e736e58badf56553bf91f30b12e-refs/branch-heads/6422_76@{#4}) channel(stable)",
            "device_type": "TYPE_PHONE",
            "chrome_version_info": {"version_number": "125.0.6422.113"},
            "signin_scoped_device_id": "0a7cbbc4-9919-4e47-9f20-ff7d14d29990",
            "manufacturer": "realme",
            "cache_guid": "Cvza0EF92o4TjyOxZKUnAA==",
            "device_form_factor": "DEVICE_FORM_FACTOR_PHONE",
            "pulse_interval_in_minutes": 1440,
            "feature_fields": {"send_tab_to_self_receiving_enabled": true},
            "invalidation_fields": {
                        "instance_id_token": "fhW95xNIMjs:APA91bFdSkPdZfzkY91OGQyMy0awOK_7rDoCgnBBk8hJXI6A8umbNxmJRFbEQAP9Gb-bOHPwnpqj4ex7bNXyuavNb9Wzykm95KmmfjyhqN7z1z2KZHMIqqXNXlwcj7Eijnh6U0Tt_Mf2",
                        "interested_data_type_ids": [
                                    1164238,
                                    306270,
                                    330441,
                                    774329,
                                    154522,
                                    601980,
                                    47745
                        ]
            },
            "os_type": "OS_TYPE_ANDROID",
            "last_updated_timestamp": 1716847856587,
            "model": "RMX3710",
            "client_name": "RMX3710",
            "chrome_version": "125.0.6422.113"
},
        {
            "sync_user_agent": "Chrome ANDROID-PHONE 125.0.6422.113 (fddfb547f6d37e736e58badf56553bf91f30b12e-refs/branch-heads/6422_76@{#4}) channel(stable)",
            "device_type": "TYPE_PHONE",
            "chrome_version_info": {"version_number": "125.0.6422.113"},
            "signin_scoped_device_id": "c2a99676-9a56-4f37-837a-2588bba35a0e",
            "manufacturer": "Xiaomi",
            "cache_guid": "Vrlds3vRiXNjLH6RX68NvQ==",
            "device_form_factor": "DEVICE_FORM_FACTOR_PHONE",
            "pulse_interval_in_minutes": 1440,
            "feature_fields": {"send_tab_to_self_receiving_enabled": true},
            "invalidation_fields": {
                        "instance_id_token": "c05K5ImL7m8:APA91bFzQdTmm6WSR-CqAXJg9hjxgdaXjKXKZ0e1ew9xIbIpJ7o0G3GLh_49ZHlF6eOap7NgjlXYUrCwydZiYVWzfe0aRnsrgL8BSI47GN82h6kMLccuzuNBtfjWHVd20VADaw5ZjUXO",
                        "interested_data_type_ids": [
                                    32904,
                                    37702,
                                    45873,
                                    63951,
                                    31729,
                                    306270,
                                    330441,
                                    774329,
                                    150251,
                                    154522,
                                    163425,
                                    411028,
                                    601980,
                                    1034378,
                                    47745
                        ]
            },
            "os_type": "OS_TYPE_ANDROID",
            "last_updated_timestamp": 1716917002083,
            "model": "Redmi 8",
            "client_name": "Redmi 8",
            "chrome_version": "125.0.6422.113"
}
    ]
}