{
    "Extensions": [
        {
            "incognito_enabled": false,
            "remote_install": false,
            "disable_reasons": 1,
            "update_url": "https://clients2.google.com/service/update2/crx",
            "name": "iNinja VPN & Proxy with Ad blocker for Chrome",
            "id": "ookhnhpkphagefgdiemllfajmkdkcaim",
            "version": "2.17.5",
            "enabled": false
}
    ],
    "Extension Settings": [
        {
            "extension_id": "ookhnhpkphagefgdiemllfajmkdkcaim",
            "value": "[50,99,59,192,196,74,74,201,186,183,98,164,240,50,118,6]",
            "key": "uuidBytes"
},
        {
            "extension_id": "ookhnhpkphagefgdiemllfajmkdkcaim",
            "value": "false",
            "key": "reviewLeft"
},
        {
            "extension_id": "ookhnhpkphagefgdiemllfajmkdkcaim",
            "value": "1.539743663023e+12",
            "key": "reviewTime"
},
        {
            "extension_id": "ookhnhpkphagefgdiemllfajmkdkcaim",
            "value": "\"32633bc0-c44a-4ac9-bab7-62a4f0327606\"",
            "key": "uuid"
},
        {
            "extension_id": "fdjdjkkjoiomafnihnobkinnfjnnlhdg",
            "value": "\"5d0390afa-258a-42bc-a503-4528c66b023c\"",
            "key": "clientId"
}
    ]
}